id_estudiante,nombre,apellido,email,fecha_registro
1,Feliciana,Cantón,feliciana.cantón1@correo.com,2024-02-08
2,Manuela,Llopis,manuela.llopis2@correo.com,2025-01-15
3,Jacinto,Chaparro,jacinto.chaparro3@correo.com,2024-06-08
4,Inmaculada,Bonet,inmaculada.bonet4@correo.com,2026-07-06
5,Telmo,Antón,telmo.antón5@correo.com,2024-02-16
6,Ciro,Gil,ciro.gil6@correo.com,2024-12-27
7,Anselma,Amor,anselma.amor7@correo.com,2026-05-21
8,Heliodoro,Rivas,heliodoro.rivas8@correo.com,2024-12-08
9,Vidal,Lobo,vidal.lobo9@correo.com,2024-01-11
10,Martina,Cuervo,martina.cuervo10@correo.com,2025-10-18
11,Noé,Lobo,noé.lobo11@correo.com,2024-08-29
12,Ildefonso,Navarro,ildefonso.navarro12@correo.com,2024-06-07
13,Cirino,Pinto,cirino.pinto13@correo.com,2024-05-30
14,Plinio,Núñez,plinio.núñez14@correo.com,2026-07-26
15,Juan Luis,Aroca,juanluis.aroca15@correo.com,2025-12-14
16,Brunilda,Casanovas,brunilda.casanovas16@correo.com,2025-08-11
17,Cayetano,Marcos,cayetano.marcos17@correo.com,2026-09-03
18,Esperanza,Pardo,esperanza.pardo18@correo.com,2026-06-15
19,Gregorio,Baños,gregorio.baños19@correo.com,2024-03-12
20,Gisela,Goñi,gisela.goñi20@correo.com,2025-03-25
21,Cebrián,Guerrero,cebrián.guerrero21@correo.com,2024-06-05
22,Ricardo,Lobo,ricardo.lobo22@correo.com,2025-12-05
23,Fabiola,Patiño,fabiola.patiño23@correo.com,2024-09-09
24,Raimundo,Padilla,raimundo.padilla24@correo.com,2024-11-21
25,Herminia,Lasa,herminia.lasa25@correo.com,2024-04-20
26,Emelina,Donoso,emelina.donoso26@correo.com,2026-04-09
27,Luisina,Hierro,luisina.hierro27@correo.com,2024-09-10
28,Óscar,Pino,óscar.pino28@correo.com,2025-02-23
29,Ángela,Gimenez,ángela.gimenez29@correo.com,2025-05-18
30,Pía,Barba,pía.barba30@correo.com,2024-12-21
31,Paca,Antón,paca.antón31@correo.com,2025-05-05
32,Salvador,Leal,salvador.leal32@correo.com,2024-04-12
33,Héctor,Miranda,héctor.miranda33@correo.com,2024-11-26
34,Gabriela,Valera,gabriela.valera34@correo.com,2025-09-06
35,Soledad,Segarra,soledad.segarra35@correo.com,2024-08-09
36,Juan Manuel,Chaparro,juanmanuel.chaparro36@correo.com,2025-01-18
37,Marcela,Jódar,marcela.jódar37@correo.com,2026-06-27
38,Tiburcio,Pujol,tiburcio.pujol38@correo.com,2025-07-16
39,Isidoro,Chacón,isidoro.chacón39@correo.com,2026-03-02
40,Ana,Bou,ana.bou40@correo.com,2024-03-14
41,Rosalinda,Canals,rosalinda.canals41@correo.com,2024-08-25
42,Eulalia,Cuesta,eulalia.cuesta42@correo.com,2025-10-17
43,Débora,Bartolomé,débora.bartolomé43@correo.com,2025-08-20
44,Rico,Solé,rico.solé44@correo.com,2026-04-01
45,José,Alberdi,josé.alberdi45@correo.com,2024-06-26
46,Isabel,Lasa,isabel.lasa46@correo.com,2025-06-12
47,Dani,Marin,dani.marin47@correo.com,2025-11-06
48,Fausto,Santiago,fausto.santiago48@correo.com,2024-01-06
49,Lorenza,Lago,lorenza.lago49@correo.com,2026-02-16
50,María Belén,Escalona,maríabelén.escalona50@correo.com,2026-02-27
51,Ximena,Camino,ximena.camino51@correo.com,2026-08-29
52,Marc,Vera,marc.vera52@correo.com,2026-08-04
53,Heliodoro,Coronado,heliodoro.coronado53@correo.com,2025-08-03
54,María Belén,Cuéllar,maríabelén.cuéllar54@correo.com,2026-04-17
55,Melania,Abascal,melania.abascal55@correo.com,2026-07-19
56,Moisés,Torres,moisés.torres56@correo.com,2024-01-31
57,Dani,Parejo,dani.parejo57@correo.com,2025-04-22
58,Jose,Barco,jose.barco58@correo.com,2025-01-09
59,Selena,Bermúdez,selena.bermúdez59@correo.com,2024-05-13
60,Lupita,Torre,lupita.torre60@correo.com,2024-04-17
61,Martirio,Casas,martirio.casas61@correo.com,2024-07-18
62,Georgina,Talavera,georgina.talavera62@correo.com,2026-05-04
63,Fito,Landa,fito.landa63@correo.com,2026-03-30
64,Salud,Rocha,salud.rocha64@correo.com,2024-11-25
65,Úrsula,Font,úrsula.font65@correo.com,2025-04-29
66,Sabas,Perea,sabas.perea66@correo.com,2025-11-11
67,Trinidad,Villar,trinidad.villar67@correo.com,2025-12-02
68,Dionisio,Huguet,dionisio.huguet68@correo.com,2024-12-15
69,Bernardo,Neira,bernardo.neira69@correo.com,2024-02-02
70,Dionisia,Grau,dionisia.grau70@correo.com,2026-07-03
71,Isidro,Aguilar,isidro.aguilar71@correo.com,2024-04-20
72,Laura,Barral,laura.barral72@correo.com,2024-12-21
73,Borja,Angulo,borja.angulo73@correo.com,2025-05-28
74,Calisto,Vilaplana,calisto.vilaplana74@correo.com,2025-01-04
75,León,Torralba,león.torralba75@correo.com,2024-11-28
76,Calista,Catalán,calista.catalán76@correo.com,2026-06-06
77,Corona,Suárez,corona.suárez77@correo.com,2025-01-12
78,Milagros,Suárez,milagros.suárez78@correo.com,2025-09-24
79,Goyo,Busquets,goyo.busquets79@correo.com,2024-05-30
80,Genoveva,Rosa,genoveva.rosa80@correo.com,2025-07-04
81,Teo,Reig,teo.reig81@correo.com,2025-12-26
82,Rosario,Balaguer,rosario.balaguer82@correo.com,2024-06-01
83,Benjamín,Quevedo,benjamín.quevedo83@correo.com,2025-06-11
84,Nereida,Canales,nereida.canales84@correo.com,2025-01-21
85,Gregorio,Falcón,gregorio.falcón85@correo.com,2026-04-13
86,Vidal,Checa,vidal.checa86@correo.com,2025-10-17
87,Gervasio,Lopez,gervasio.lopez87@correo.com,2025-12-19
88,Josep,Benet,josep.benet88@correo.com,2025-11-19
89,Nuria,Cabañas,nuria.cabañas89@correo.com,2024-03-19
90,Florinda,Alcolea,florinda.alcolea90@correo.com,2024-05-24
91,Ángeles,Guzmán,ángeles.guzmán91@correo.com,2024-09-15
92,Santos,Torralba,santos.torralba92@correo.com,2026-01-17
93,Ignacio,Quero,ignacio.quero93@correo.com,2024-04-01
94,Fidel,Pinilla,fidel.pinilla94@correo.com,2024-01-04
95,Rosario,Lara,rosario.lara95@correo.com,2025-12-07
96,Lucho,Rocha,lucho.rocha96@correo.com,2026-05-13
97,Gisela,Torrecilla,gisela.torrecilla97@correo.com,2024-08-28
98,Goyo,Martin,goyo.martin98@correo.com,2024-12-04
99,Bautista,Barrera,bautista.barrera99@correo.com,2025-05-02
100,Baudelio,Ayllón,baudelio.ayllón100@correo.com,2026-06-26
101,Albina,Valverde,albina.valverde101@correo.com,2026-04-05
102,Fausto,Barberá,fausto.barberá102@correo.com,2026-02-27
103,Cecilio,Estevez,cecilio.estevez103@correo.com,2024-04-16
104,Dulce,Bayo,dulce.bayo104@correo.com,2024-12-31
105,Sancho,Carretero,sancho.carretero105@correo.com,2026-06-03
106,Jose Manuel,Ariño,josemanuel.ariño106@correo.com,2026-08-20
107,Ceferino,Rius,ceferino.rius107@correo.com,2026-06-25
108,Clara,Yáñez,clara.yáñez108@correo.com,2025-05-06
109,Juan Carlos,Fuente,juancarlos.fuente109@correo.com,2025-05-03
110,Jorge,Lara,jorge.lara110@correo.com,2025-09-06
111,Eleuterio,Marín,eleuterio.marín111@correo.com,2025-12-11
112,Maximiano,Belmonte,maximiano.belmonte112@correo.com,2024-01-15
113,Álvaro,Cabo,álvaro.cabo113@correo.com,2024-04-23
114,Brígida,Garcés,brígida.garcés114@correo.com,2026-02-24
115,Juan Manuel,Cazorla,juanmanuel.cazorla115@correo.com,2025-06-26
116,Socorro,Bayona,socorro.bayona116@correo.com,2025-01-14
117,Rafael,López,rafael.lópez117@correo.com,2024-09-02
118,Urbano,Mate,urbano.mate118@correo.com,2026-08-08
119,Noemí,Ángel,noemí.ángel119@correo.com,2024-01-13
120,Guadalupe,Marí,guadalupe.marí120@correo.com,2024-06-09
121,Selena,Cañizares,selena.cañizares121@correo.com,2025-02-14
122,David,Campo,david.campo122@correo.com,2026-05-09
123,Fabricio,Lladó,fabricio.lladó123@correo.com,2025-03-13
124,Elodia,Galvez,elodia.galvez124@correo.com,2025-06-16
125,Herminio,Laguna,herminio.laguna125@correo.com,2026-02-24
126,Amaya,Iglesias,amaya.iglesias126@correo.com,2024-03-19
127,Cirino,Roda,cirino.roda127@correo.com,2025-03-05
128,Arsenio,Acevedo,arsenio.acevedo128@correo.com,2025-06-02
129,María Manuela,Castrillo,maríamanuela.castrillo129@correo.com,2025-02-10
130,Felix,Sala,felix.sala130@correo.com,2026-05-07
131,Julieta,Roma,julieta.roma131@correo.com,2026-05-21
132,Agapito,Caparrós,agapito.caparrós132@correo.com,2024-04-26
133,Sol,Company,sol.company133@correo.com,2026-04-27
134,Andrés Felipe,Peiró,andrésfelipe.peiró134@correo.com,2026-06-23
135,Carmina,Colomer,carmina.colomer135@correo.com,2025-10-29
136,Edu,Arnaiz,edu.arnaiz136@correo.com,2025-04-23
137,Pánfilo,Ariño,pánfilo.ariño137@correo.com,2025-07-09
138,Humberto,Iborra,humberto.iborra138@correo.com,2024-06-08
139,Paulino,Ramos,paulino.ramos139@correo.com,2026-08-22
140,Maribel,Cortes,maribel.cortes140@correo.com,2025-01-02
141,Rosaura,Cámara,rosaura.cámara141@correo.com,2024-10-02
142,Socorro,Revilla,socorro.revilla142@correo.com,2024-02-08
143,Gastón,Márquez,gastón.márquez143@correo.com,2025-10-01
144,Nidia,Hurtado,nidia.hurtado144@correo.com,2025-02-18
145,Feliciano,Campoy,feliciano.campoy145@correo.com,2025-08-17
146,Salud,Arias,salud.arias146@correo.com,2026-01-01
147,Iván,Flores,iván.flores147@correo.com,2025-12-16
148,Pancho,Mayoral,pancho.mayoral148@correo.com,2024-12-19
149,Jacinto,Alvarez,jacinto.alvarez149@correo.com,2024-10-27
150,Sabas,Moya,sabas.moya150@correo.com,2025-03-08
151,Rosaura,Baños,rosaura.baños151@correo.com,2025-03-09
152,Pascual,Vergara,pascual.vergara152@correo.com,2025-09-12
153,Iris,Muñoz,iris.muñoz153@correo.com,2024-02-12
154,David,Julián,david.julián154@correo.com,2024-10-04
155,Custodia,Lara,custodia.lara155@correo.com,2024-02-29
156,César,Rovira,césar.rovira156@correo.com,2025-06-21
157,Luisina,Mir,luisina.mir157@correo.com,2025-11-08
158,Eloísa,Vidal,eloísa.vidal158@correo.com,2024-06-28
159,Rogelio,Falcón,rogelio.falcón159@correo.com,2025-01-30
160,Arsenio,Rubio,arsenio.rubio160@correo.com,2024-01-03
161,Aurora,Figueras,aurora.figueras161@correo.com,2025-07-19
162,Tomás,Becerra,tomás.becerra162@correo.com,2025-05-27
163,Estrella,Mir,estrella.mir163@correo.com,2024-07-12
164,Lola,Mas,lola.mas164@correo.com,2026-02-26
165,Martin,Real,martin.real165@correo.com,2025-05-21
166,Samuel,Marqués,samuel.marqués166@correo.com,2026-05-11
167,Edu,Feliu,edu.feliu167@correo.com,2025-10-15
168,Graciana,Pinilla,graciana.pinilla168@correo.com,2024-09-27
169,Encarnación,Mascaró,encarnación.mascaró169@correo.com,2025-09-22
170,Carlota,Abad,carlota.abad170@correo.com,2025-04-17
171,Luciano,Gallo,luciano.gallo171@correo.com,2025-10-29
172,Mireia,Montserrat,mireia.montserrat172@correo.com,2025-12-23
173,Vasco,Salamanca,vasco.salamanca173@correo.com,2024-11-27
174,Ariadna,Sáenz,ariadna.sáenz174@correo.com,2024-09-20
175,Genoveva,Blazquez,genoveva.blazquez175@correo.com,2025-03-16
176,Aránzazu,Naranjo,aránzazu.naranjo176@correo.com,2024-05-25
177,Olivia,Gutierrez,olivia.gutierrez177@correo.com,2025-04-27
178,Jafet,Flor,jafet.flor178@correo.com,2024-08-16
179,Amador,Arteaga,amador.arteaga179@correo.com,2025-01-15
180,Aitana,Beltran,aitana.beltran180@correo.com,2025-12-08
181,Severino,Ferreras,severino.ferreras181@correo.com,2025-08-19
182,Ana Belén,Pulido,anabelén.pulido182@correo.com,2025-01-14
183,Eusebio,Adán,eusebio.adán183@correo.com,2024-06-14
184,Melania,Rodríguez,melania.rodríguez184@correo.com,2024-12-05
185,Gabriel,Villaverde,gabriel.villaverde185@correo.com,2025-12-22
186,Aureliano,Ibañez,aureliano.ibañez186@correo.com,2024-07-07
187,Yago,Cañellas,yago.cañellas187@correo.com,2025-12-22
188,Guadalupe,Molins,guadalupe.molins188@correo.com,2025-11-18
189,Emperatriz,Vargas,emperatriz.vargas189@correo.com,2025-10-24
190,Paulina,Salmerón,paulina.salmerón190@correo.com,2024-09-04
191,Mar,Taboada,mar.taboada191@correo.com,2025-11-30
192,Juan Antonio,Huertas,juanantonio.huertas192@correo.com,2025-03-06
193,María Dolores,Vázquez,maríadolores.vázquez193@correo.com,2026-01-22
194,Eugenia,Haro,eugenia.haro194@correo.com,2025-03-02
195,Valerio,Berenguer,valerio.berenguer195@correo.com,2025-03-19
196,Joel,Llabrés,joel.llabrés196@correo.com,2025-06-05
197,Miguel,Berrocal,miguel.berrocal197@correo.com,2024-08-02
198,Eutropio,Guardia,eutropio.guardia198@correo.com,2025-08-18
199,Joaquina,Corominas,joaquina.corominas199@correo.com,2024-11-28
200,Bernardo,Ribera,bernardo.ribera200@correo.com,2025-09-25
201,Natalio,Solano,natalio.solano201@correo.com,2025-10-07
202,Bernabé,Gabaldón,bernabé.gabaldón202@correo.com,2025-10-14
203,Roque,Aller,roque.aller203@correo.com,2026-06-13
204,Ricardo,Tapia,ricardo.tapia204@correo.com,2024-01-10
205,Pastor,Martín,pastor.martín205@correo.com,2025-08-28
206,Reyna,Rius,reyna.rius206@correo.com,2026-04-16
207,Mariana,Giménez,mariana.giménez207@correo.com,2026-01-28
208,Isidoro,Llamas,isidoro.llamas208@correo.com,2025-11-08
209,Amalia,Andres,amalia.andres209@correo.com,2025-08-27
210,Nicodemo,Quiroga,nicodemo.quiroga210@correo.com,2024-09-13
211,Priscila,Solsona,priscila.solsona211@correo.com,2024-07-17
212,Esther,Amores,esther.amores212@correo.com,2025-09-04
213,Dora,Amores,dora.amores213@correo.com,2024-05-10
214,Fernanda,Romero,fernanda.romero214@correo.com,2024-07-29
215,Roxana,Serrano,roxana.serrano215@correo.com,2024-10-09
216,Aureliano,Juan,aureliano.juan216@correo.com,2025-08-11
217,Nacio,Galán,nacio.galán217@correo.com,2025-12-07
218,Nacho,Nebot,nacho.nebot218@correo.com,2025-08-11
219,Leopoldo,Robles,leopoldo.robles219@correo.com,2025-01-26
220,Perlita,Bilbao,perlita.bilbao220@correo.com,2025-12-31
221,Alejo,Azorin,alejo.azorin221@correo.com,2025-06-27
222,Jacobo,Bayona,jacobo.bayona222@correo.com,2024-03-03
223,Marisela,Anguita,marisela.anguita223@correo.com,2025-01-19
224,Heraclio,Almagro,heraclio.almagro224@correo.com,2026-08-23
225,Ezequiel,Gómez,ezequiel.gómez225@correo.com,2024-07-15
226,Ainara,Carbó,ainara.carbó226@correo.com,2026-05-26
227,Isaías,Sola,isaías.sola227@correo.com,2025-02-02
228,María Fernanda,Peinado,maríafernanda.peinado228@correo.com,2024-09-17
229,Eloísa,Carbó,eloísa.carbó229@correo.com,2024-09-11
230,María,Campoy,maría.campoy230@correo.com,2026-06-17
231,Amancio,Mesa,amancio.mesa231@correo.com,2026-06-13
232,Inés,Perez,inés.perez232@correo.com,2025-09-08
233,Ligia,Fiol,ligia.fiol233@correo.com,2024-04-28
234,Dora,Herrero,dora.herrero234@correo.com,2024-06-07
235,Josefina,Mata,josefina.mata235@correo.com,2026-07-21
236,Noa,Carrillo,noa.carrillo236@correo.com,2026-05-29
237,Micaela,Armengol,micaela.armengol237@correo.com,2025-06-23
238,Berta,Romero,berta.romero238@correo.com,2025-07-29
239,Bruno,Velasco,bruno.velasco239@correo.com,2025-06-14
240,Albano,Rivera,albano.rivera240@correo.com,2026-01-31
241,Curro,Rosselló,curro.rosselló241@correo.com,2025-07-16
242,Fabiola,Segura,fabiola.segura242@correo.com,2024-08-25
243,Trinidad,Echeverría,trinidad.echeverría243@correo.com,2026-03-21
244,Florina,León,florina.león244@correo.com,2026-08-14
245,Nuria,Tomás,nuria.tomás245@correo.com,2025-12-23
246,Tristán,Ledesma,tristán.ledesma246@correo.com,2025-05-15
247,Reyes,Higueras,reyes.higueras247@correo.com,2024-05-14
248,León,Sanmartín,león.sanmartín248@correo.com,2025-01-13
249,Maricela,Sobrino,maricela.sobrino249@correo.com,2026-06-04
250,Emilia,Pinilla,emilia.pinilla250@correo.com,2025-06-06
251,Ambrosio,Urrutia,ambrosio.urrutia251@correo.com,2025-05-19
252,Germán,Torrent,germán.torrent252@correo.com,2024-11-25
253,Pedro,Jordán,pedro.jordán253@correo.com,2025-06-12
254,Lino,Llorente,lino.llorente254@correo.com,2026-05-13
255,Agustín,Villanueva,agustín.villanueva255@correo.com,2024-10-23
256,Che,Hernández,che.hernández256@correo.com,2025-09-23
257,Amaya,Hernandez,amaya.hernandez257@correo.com,2026-01-09
258,Flavia,Tudela,flavia.tudela258@correo.com,2025-11-27
259,Mónica,Alemany,mónica.alemany259@correo.com,2024-05-24
260,Macario,Giralt,macario.giralt260@correo.com,2025-09-20
261,Jesusa,Hervia,jesusa.hervia261@correo.com,2025-04-20
262,Gracia,Peinado,gracia.peinado262@correo.com,2026-01-05
263,Carolina,Núñez,carolina.núñez263@correo.com,2025-10-22
264,Marcia,Muro,marcia.muro264@correo.com,2025-06-30
265,Julia,Santiago,julia.santiago265@correo.com,2025-02-24
266,Mariano,Iglesias,mariano.iglesias266@correo.com,2024-12-24
267,Dionisio,Fernández,dionisio.fernández267@correo.com,2025-05-05
268,Dimas,Esteve,dimas.esteve268@correo.com,2024-10-24
269,Inocencio,Tomé,inocencio.tomé269@correo.com,2025-03-05
270,Lourdes,Zamorano,lourdes.zamorano270@correo.com,2026-07-16
271,Lorenzo,Cabrera,lorenzo.cabrera271@correo.com,2024-10-28
272,Manu,Gordillo,manu.gordillo272@correo.com,2025-07-14
273,Gastón,Mate,gastón.mate273@correo.com,2024-01-22
274,Leandra,Castañeda,leandra.castañeda274@correo.com,2025-03-02
275,Artemio,Ballester,artemio.ballester275@correo.com,2026-05-09
276,Luís,Cases,luís.cases276@correo.com,2026-02-01
277,Cristian,Alberola,cristian.alberola277@correo.com,2026-06-10
278,Lucas,Soria,lucas.soria278@correo.com,2026-01-13
279,Valero,Niño,valero.niño279@correo.com,2024-10-13
280,Aurelio,Iriarte,aurelio.iriarte280@correo.com,2026-01-12
281,Danilo,Bas,danilo.bas281@correo.com,2025-09-14
282,Amparo,Benavent,amparo.benavent282@correo.com,2026-06-15
283,Eva,Baeza,eva.baeza283@correo.com,2024-08-23
284,Eustaquio,Mateu,eustaquio.mateu284@correo.com,2024-05-12
285,Jose Ramón,Carrasco,joseramón.carrasco285@correo.com,2026-05-16
286,María Cristina,Rico,maríacristina.rico286@correo.com,2026-07-30
287,Débora,Gonzalez,débora.gonzalez287@correo.com,2026-03-22
288,Ricardo,Sanjuan,ricardo.sanjuan288@correo.com,2025-11-18
289,Manuel,Romeu,manuel.romeu289@correo.com,2025-04-19
290,Cloe,Barrena,cloe.barrena290@correo.com,2026-08-05
291,Manola,Cabezas,manola.cabezas291@correo.com,2024-11-18
292,Eufemia,Galván,eufemia.galván292@correo.com,2025-02-15
293,Gertrudis,Bertrán,gertrudis.bertrán293@correo.com,2024-08-31
294,Jose,Durán,jose.durán294@correo.com,2026-05-07
295,Carlito,Crespi,carlito.crespi295@correo.com,2024-01-05
296,Sebastian,Sanjuan,sebastian.sanjuan296@correo.com,2026-07-11
297,Adoración,Manuel,adoración.manuel297@correo.com,2024-02-20
298,Jesús,Maldonado,jesús.maldonado298@correo.com,2025-03-15
299,Julia,Santiago,julia.santiago299@correo.com,2024-04-20
300,Jacinta,Guillen,jacinta.guillen300@correo.com,2025-02-14
301,Mirta,Figuerola,mirta.figuerola301@correo.com,2025-10-22
302,Darío,Gomila,darío.gomila302@correo.com,2024-08-19
303,Violeta,Larrañaga,violeta.larrañaga303@correo.com,2024-08-08
304,Calixto,Barreda,calixto.barreda304@correo.com,2024-09-14
305,Mónica,Meléndez,mónica.meléndez305@correo.com,2026-07-13
306,Marianela,Malo,marianela.malo306@correo.com,2025-11-13
307,Edelmiro,Solís,edelmiro.solís307@correo.com,2025-04-17
308,Juana,Quevedo,juana.quevedo308@correo.com,2025-02-26
309,Angelita,Uribe,angelita.uribe309@correo.com,2025-11-11
310,Cecilio,Ariño,cecilio.ariño310@correo.com,2025-11-02
311,Macaria,Mora,macaria.mora311@correo.com,2026-07-26
312,Josué,Amigó,josué.amigó312@correo.com,2024-05-21
313,Jenaro,Almansa,jenaro.almansa313@correo.com,2025-02-22
314,Corona,Arjona,corona.arjona314@correo.com,2024-09-29
315,Adoración,Villena,adoración.villena315@correo.com,2025-11-17
316,Yésica,Lobo,yésica.lobo316@correo.com,2024-10-08
317,Delfina,Ruano,delfina.ruano317@correo.com,2026-02-02
318,Ciriaco,Soriano,ciriaco.soriano318@correo.com,2025-06-24
319,Sebastian,Mínguez,sebastian.mínguez319@correo.com,2025-05-13
320,Herminia,Calvo,herminia.calvo320@correo.com,2024-09-06
321,Narciso,Requena,narciso.requena321@correo.com,2026-02-08
322,Luis,Pérez,luis.pérez322@correo.com,2026-05-04
323,Angelino,Sanz,angelino.sanz323@correo.com,2024-05-16
324,Maxi,Iniesta,maxi.iniesta324@correo.com,2025-05-17
325,David,Quintero,david.quintero325@correo.com,2026-03-10
326,Paloma,Abella,paloma.abella326@correo.com,2026-04-22
327,Óscar,Reyes,óscar.reyes327@correo.com,2024-03-25
328,Godofredo,Villegas,godofredo.villegas328@correo.com,2025-07-16
329,Esther,Valentín,esther.valentín329@correo.com,2026-08-29
330,Vasco,Aznar,vasco.aznar330@correo.com,2024-11-12
331,Juanito,Castro,juanito.castro331@correo.com,2025-03-23
332,Urbano,Tormo,urbano.tormo332@correo.com,2024-07-07
333,Ambrosio,Heras,ambrosio.heras333@correo.com,2024-09-03
334,María,Alcalá,maría.alcalá334@correo.com,2026-05-07
335,Saturnino,Buendía,saturnino.buendía335@correo.com,2024-12-15
336,Prudencia,Carballo,prudencia.carballo336@correo.com,2025-12-17
337,Desiderio,Correa,desiderio.correa337@correo.com,2026-02-13
338,Lilia,Manzanares,lilia.manzanares338@correo.com,2026-03-01
339,Julieta,Llano,julieta.llano339@correo.com,2025-10-07
340,Perlita,Tolosa,perlita.tolosa340@correo.com,2026-01-03
341,Jose Francisco,Saura,josefrancisco.saura341@correo.com,2026-05-06
342,Espiridión,Pla,espiridión.pla342@correo.com,2024-10-23
343,África,Verdejo,áfrica.verdejo343@correo.com,2024-07-31
344,Rosario,Baños,rosario.baños344@correo.com,2025-03-05
345,María Teresa,Ribera,maríateresa.ribera345@correo.com,2025-06-11
346,Mirta,Vera,mirta.vera346@correo.com,2025-02-19
347,Otilia,Acedo,otilia.acedo347@correo.com,2025-03-15
348,Lucila,Martín,lucila.martín348@correo.com,2026-06-30
349,Cruz,Tovar,cruz.tovar349@correo.com,2024-08-18
350,Victoriano,Tomé,victoriano.tomé350@correo.com,2025-06-20
351,Nazaret,Pi,nazaret.pi351@correo.com,2025-12-08
352,Modesto,Fabregat,modesto.fabregat352@correo.com,2025-01-05
353,Concha,Piñol,concha.piñol353@correo.com,2024-12-28
354,Roberta,Reig,roberta.reig354@correo.com,2024-03-08
355,Maximino,Suárez,maximino.suárez355@correo.com,2025-08-15
356,Rolando,Cornejo,rolando.cornejo356@correo.com,2026-02-08
357,Angelino,Cases,angelino.cases357@correo.com,2026-02-19
358,Dominga,Mármol,dominga.mármol358@correo.com,2024-06-04
359,Sandra,Sacristán,sandra.sacristán359@correo.com,2024-06-03
360,Begoña,Saura,begoña.saura360@correo.com,2024-01-24
361,Lorenza,Cobos,lorenza.cobos361@correo.com,2025-09-28
362,Sabina,Cortes,sabina.cortes362@correo.com,2024-04-26
363,Adora,Landa,adora.landa363@correo.com,2025-06-09
364,Estrella,Puga,estrella.puga364@correo.com,2024-05-04
365,Reyes,Moya,reyes.moya365@correo.com,2026-04-08
366,Ricardo,Moliner,ricardo.moliner366@correo.com,2026-08-31
367,Lina,Torrents,lina.torrents367@correo.com,2026-04-20
368,Andrés Felipe,Bayona,andrésfelipe.bayona368@correo.com,2024-12-30
369,Evangelina,Madrigal,evangelina.madrigal369@correo.com,2024-12-19
370,Margarita,Botella,margarita.botella370@correo.com,2025-11-05
371,Clímaco,Cabrera,clímaco.cabrera371@correo.com,2025-11-20
372,Flavio,Marí,flavio.marí372@correo.com,2024-02-14
373,Arturo,Morata,arturo.morata373@correo.com,2024-03-28
374,Lázaro,Palmer,lázaro.palmer374@correo.com,2025-08-05
375,Tomás,Coello,tomás.coello375@correo.com,2025-01-14
376,Bernarda,Requena,bernarda.requena376@correo.com,2026-05-29
377,Isabel,Escolano,isabel.escolano377@correo.com,2024-09-21
378,Gabino,Bermúdez,gabino.bermúdez378@correo.com,2026-08-04
379,Sabina,Piñeiro,sabina.piñeiro379@correo.com,2026-08-20
380,Isabela,Hernando,isabela.hernando380@correo.com,2026-02-12
381,Ximena,Clemente,ximena.clemente381@correo.com,2024-12-26
382,Íñigo,Izquierdo,íñigo.izquierdo382@correo.com,2025-12-14
383,José Mari,Agustí,josémari.agustí383@correo.com,2025-12-23
384,Valentina,Maestre,valentina.maestre384@correo.com,2026-04-29
385,Fausto,Benavent,fausto.benavent385@correo.com,2025-11-17
386,Onofre,Martínez,onofre.martínez386@correo.com,2025-10-21
387,Jenny,Ibáñez,jenny.ibáñez387@correo.com,2025-12-10
388,Ramona,Matas,ramona.matas388@correo.com,2024-11-05
389,Rodrigo,Tomas,rodrigo.tomas389@correo.com,2024-06-14
390,Jordi,Pizarro,jordi.pizarro390@correo.com,2026-06-07
391,Plinio,Marqués,plinio.marqués391@correo.com,2025-04-03
392,Alfredo,Priego,alfredo.priego392@correo.com,2025-03-02
393,Adán,Avilés,adán.avilés393@correo.com,2026-07-31
394,Marcia,Valdés,marcia.valdés394@correo.com,2025-03-20
395,Maura,Grau,maura.grau395@correo.com,2026-08-01
396,Nidia,Ortuño,nidia.ortuño396@correo.com,2024-12-06
397,Fanny,Falcón,fanny.falcón397@correo.com,2026-08-22
398,Josué,Cerro,josué.cerro398@correo.com,2026-09-02
399,Cleto,Ariza,cleto.ariza399@correo.com,2025-04-24
400,Modesta,Saez,modesta.saez400@correo.com,2024-02-21
