id_inscripcion,id_estudiante,id_curso,id_cohorte,fecha_inscripcion,estado_curso,porcentaje_avance_curso
1,1,9,2,2026-08-09,en_curso,3.86
2,1,1,2,2026-07-20,en_curso,8.03
3,2,12,1,2026-05-21,en_curso,14.8
4,2,2,2,2026-07-28,abandonado,5.49
5,2,9,3,2026-08-18,en_curso,1.67
6,3,11,3,2026-09-05,en_curso,1.67
7,3,6,2,2026-08-16,en_curso,15.71
8,4,5,1,2026-06-30,en_curso,5.54
9,5,3,1,2026-05-16,en_curso,13.41
10,5,8,3,2026-08-28,en_curso,5.7
11,6,12,1,2026-06-04,en_curso,5.81
12,7,5,1,2026-04-24,en_curso,5.72
13,7,9,2,2026-08-07,en_curso,4.23
14,7,3,3,2026-09-01,en_curso,0
15,8,2,1,2026-05-09,en_curso,0
16,8,11,1,2026-05-25,en_curso,1.67
17,8,5,1,2026-04-21,en_curso,7.96
18,9,9,1,2026-07-12,en_curso,3.46
19,9,10,1,2026-06-17,en_curso,0
20,9,4,1,2026-07-08,en_curso,2.5
21,10,6,1,2026-05-17,en_curso,8.57
22,11,9,1,2026-07-07,abandonado,1.67
23,12,1,3,2026-08-30,en_curso,27.5
24,12,10,1,2026-05-27,abandonado,4.17
25,12,6,1,2026-07-06,abandonado,3.57
26,13,1,2,2026-07-24,en_curso,18.63
27,13,2,2,2026-08-14,en_curso,2.5
28,14,5,2,2026-07-18,en_curso,43.41
29,14,4,3,2026-09-07,en_curso,7.14
30,15,4,3,2026-09-06,en_curso,10.45
31,16,2,1,2026-04-30,abandonado,2.5
32,16,12,3,2026-09-02,en_curso,2
33,16,8,1,2026-05-14,en_curso,25.33
34,17,9,2,2026-07-27,en_curso,8.32
35,18,3,1,2026-05-28,en_curso,27.5
36,19,8,2,2026-08-04,en_curso,1.67
37,19,9,1,2026-06-20,en_curso,1.67
38,19,3,3,2026-08-24,en_curso,2.5
39,20,9,2,2026-07-19,en_curso,0
40,20,10,2,2026-07-29,en_curso,5.75
41,21,4,1,2026-06-30,en_curso,39.67
42,21,9,1,2026-06-17,en_curso,1.67
43,22,12,1,2026-05-21,en_curso,22
44,22,4,1,2026-07-16,en_curso,50
45,22,5,2,2026-07-30,en_curso,35.4
46,23,11,1,2026-06-23,en_curso,16.67
47,23,12,2,2026-08-02,en_curso,5.42
48,24,8,1,2026-06-25,en_curso,16.67
49,24,9,3,2026-08-27,en_curso,12.24
50,25,2,3,2026-09-04,en_curso,12.18
51,25,4,3,2026-08-28,en_curso,8.69
52,26,2,3,2026-08-20,en_curso,27.5
53,27,1,3,2026-08-30,en_curso,8.23
54,27,10,1,2026-06-08,en_curso,33.33
55,28,4,2,2026-08-14,en_curso,31.86
56,28,10,2,2026-07-21,abandonado,10.66
57,28,12,1,2026-05-25,en_curso,5.27
58,29,2,1,2026-06-04,abandonado,13.37
59,30,11,1,2026-06-11,en_curso,7.13
60,30,1,2,2026-08-04,en_curso,13.23
61,30,4,1,2026-06-14,en_curso,27.5
62,31,1,1,2026-05-31,en_curso,5.12
63,32,2,1,2026-06-14,en_curso,15.31
64,32,9,1,2026-06-13,en_curso,16.67
65,33,5,3,2026-09-01,en_curso,2.5
66,34,8,1,2026-05-28,abandonado,4.16
67,34,4,3,2026-08-30,en_curso,11.46
68,34,9,3,2026-09-01,en_curso,1.67
69,35,12,2,2026-07-21,en_curso,0
70,36,10,1,2026-06-18,abandonado,1.67
71,36,8,2,2026-07-20,en_curso,20.21
72,36,4,1,2026-06-24,en_curso,2.5
73,37,7,2,2026-08-04,en_curso,21.23
74,37,4,3,2026-09-05,en_curso,25
75,38,2,1,2026-06-10,abandonado,8.32
76,39,7,1,2026-06-12,en_curso,22.04
77,39,6,1,2026-05-11,en_curso,4.19
78,39,12,2,2026-08-07,en_curso,17.78
79,40,8,3,2026-08-27,en_curso,8.48
80,40,1,2,2026-08-01,en_curso,13.18
81,41,11,1,2026-06-30,en_curso,15.83
82,41,12,1,2026-07-03,en_curso,12.51
83,41,2,1,2026-06-24,en_curso,9.53
84,42,7,1,2026-05-16,en_curso,7.9
85,43,6,1,2026-06-13,en_curso,14.29
86,43,2,1,2026-04-26,en_curso,21.3
87,43,4,1,2026-06-12,en_curso,7.38
88,44,4,3,2026-09-03,en_curso,9.42
89,45,8,1,2026-05-03,en_curso,16.67
90,45,3,1,2026-06-24,en_curso,7.41
91,45,7,1,2026-07-12,en_curso,2.5
92,46,5,3,2026-08-23,en_curso,6.11
93,47,4,1,2026-06-06,en_curso,13.75
94,47,2,3,2026-09-10,en_curso,16.29
95,48,9,2,2026-07-20,abandonado,7.04
96,48,2,1,2026-05-29,en_curso,61.17
97,49,11,1,2026-05-27,en_curso,18.33
98,50,1,2,2026-07-31,en_curso,18.62
99,50,2,1,2026-06-09,en_curso,6.35
100,50,4,2,2026-08-05,en_curso,27.5
101,51,7,3,2026-08-31,en_curso,12.59
102,52,8,1,2026-06-09,en_curso,23.6
103,52,4,1,2026-05-14,en_curso,35.55
104,53,1,1,2026-05-09,en_curso,27.5
105,53,3,2,2026-08-15,en_curso,10.46
106,54,1,3,2026-09-08,en_curso,32.79
107,54,7,2,2026-08-09,en_curso,27.5
108,55,8,1,2026-06-03,en_curso,0
109,55,5,1,2026-06-04,en_curso,27.5
110,56,12,1,2026-04-27,en_curso,24.42
111,56,9,3,2026-08-26,en_curso,1.67
112,57,12,2,2026-07-30,en_curso,22
113,57,8,1,2026-05-31,en_curso,16.67
114,57,3,3,2026-08-19,en_curso,12.34
115,58,5,1,2026-06-02,en_curso,16.43
116,59,1,1,2026-04-28,en_curso,6.36
117,60,12,1,2026-05-07,en_curso,22
118,60,9,1,2026-07-07,en_curso,16.67
119,60,1,1,2026-06-21,en_curso,12.7
120,61,6,3,2026-09-04,en_curso,18.6
121,61,1,2,2026-07-18,en_curso,18.93
122,61,11,1,2026-05-07,en_curso,1.67
123,62,8,3,2026-08-28,en_curso,16.67
124,62,9,1,2026-05-14,en_curso,51.67
125,62,11,1,2026-04-19,en_curso,4.77
126,63,1,2,2026-08-02,en_curso,5.44
127,64,2,1,2026-05-18,en_curso,5.42
128,64,3,1,2026-07-06,en_curso,52.5
129,64,12,3,2026-08-22,en_curso,6.24
130,65,2,2,2026-07-19,en_curso,5.24
131,65,11,2,2026-07-19,abandonado,5
132,65,4,3,2026-08-22,en_curso,8.01
133,66,2,1,2026-05-26,en_curso,2.5
134,66,10,3,2026-09-11,en_curso,1.67
135,67,10,1,2026-06-12,en_curso,9.01
136,68,1,1,2026-06-19,abandonado,7.49
137,68,10,1,2026-06-12,en_curso,16.67
138,68,2,3,2026-08-21,en_curso,11.6
139,69,11,1,2026-04-29,en_curso,7.57
140,69,10,1,2026-05-05,en_curso,33.33
141,70,9,3,2026-08-22,en_curso,12.33
142,70,6,2,2026-08-07,en_curso,15.71
143,70,5,1,2026-06-02,en_curso,27.5
144,71,11,2,2026-07-30,en_curso,18.33
145,72,6,3,2026-09-08,en_curso,21.79
146,72,4,3,2026-09-05,en_curso,8.41
147,72,5,1,2026-04-25,en_curso,25
148,73,3,1,2026-05-21,en_curso,2.5
149,73,11,1,2026-07-08,en_curso,1.67
150,74,5,1,2026-05-22,en_curso,31.39
151,74,8,1,2026-04-25,en_curso,33.33
152,74,6,1,2026-07-04,en_curso,5.62
153,75,1,2,2026-07-23,en_curso,27.5
154,76,10,1,2026-05-24,en_curso,8.29
155,76,12,3,2026-09-10,en_curso,25.65
156,77,2,1,2026-06-13,en_curso,31.85
157,78,4,1,2026-04-25,en_curso,12.74
158,78,9,1,2026-04-19,en_curso,4.5
159,78,5,1,2026-06-14,en_curso,50
160,79,6,2,2026-08-06,en_curso,28.57
161,80,4,2,2026-08-13,en_curso,11.23
162,81,5,1,2026-05-08,en_curso,37.41
163,81,3,1,2026-06-22,en_curso,52.5
164,82,9,1,2026-06-12,en_curso,20.72
165,82,5,1,2026-07-15,en_curso,27.5
166,83,11,3,2026-08-20,en_curso,4.6
167,83,9,2,2026-08-01,en_curso,16.67
168,83,1,2,2026-07-28,en_curso,2.5
169,84,9,2,2026-07-22,en_curso,1.67
170,84,5,1,2026-05-14,en_curso,50
171,84,2,2,2026-07-24,en_curso,23.75
172,85,5,1,2026-07-17,abandonado,2.5
173,86,2,1,2026-06-09,en_curso,8.17
174,87,9,1,2026-05-25,en_curso,5.52
175,87,3,1,2026-05-09,en_curso,38.12
176,87,5,1,2026-06-21,abandonado,5.79
177,88,10,1,2026-05-19,en_curso,1.67
178,88,4,3,2026-09-06,en_curso,19.8
179,89,6,1,2026-07-16,en_curso,15.71
180,89,4,3,2026-08-21,en_curso,25
181,89,5,1,2026-06-06,en_curso,25
182,90,8,3,2026-09-04,en_curso,5.39
183,90,5,1,2026-05-24,en_curso,2.5
184,90,1,1,2026-04-20,en_curso,2.5
185,91,11,3,2026-09-08,en_curso,1.67
186,92,5,1,2026-06-22,en_curso,7.95
187,92,1,1,2026-06-14,en_curso,2.5
188,93,6,2,2026-08-06,en_curso,14.29
189,94,11,3,2026-08-26,en_curso,1.67
190,95,3,3,2026-09-12,en_curso,2.5
191,95,8,1,2026-05-25,en_curso,16.67
192,96,12,1,2026-05-22,en_curso,22
193,96,7,2,2026-08-14,en_curso,14.98
194,96,9,3,2026-08-20,en_curso,1.67
195,97,2,1,2026-07-05,abandonado,16.55
196,98,12,1,2026-07-10,en_curso,5.6
197,99,9,2,2026-07-27,abandonado,4.46
198,100,6,1,2026-06-20,en_curso,1.43
199,101,9,1,2026-05-04,en_curso,5.43
200,101,3,1,2026-07-04,en_curso,5.29
201,101,7,3,2026-08-25,en_curso,0
202,102,1,1,2026-05-06,abandonado,5.25
203,103,6,1,2026-05-23,en_curso,3.55
204,103,1,1,2026-05-15,en_curso,11.36
205,104,4,2,2026-07-19,en_curso,7.59
206,104,11,1,2026-06-19,en_curso,16.67
207,105,11,1,2026-06-05,en_curso,1.67
208,106,6,1,2026-04-19,en_curso,3.01
209,107,7,1,2026-06-07,en_curso,8.55
210,107,10,1,2026-07-01,abandonado,6.46
211,107,3,1,2026-06-02,en_curso,11.37
212,108,3,1,2026-07-13,en_curso,27.5
213,109,7,3,2026-09-11,en_curso,2.5
214,110,3,1,2026-06-08,en_curso,5.26
215,111,6,1,2026-06-21,en_curso,28.57
216,111,7,1,2026-06-15,en_curso,10.87
217,111,4,2,2026-08-09,en_curso,52.5
218,112,3,3,2026-09-05,en_curso,33.55
219,112,2,2,2026-08-07,en_curso,7.87
220,113,1,1,2026-04-20,en_curso,2.5
221,113,8,1,2026-06-07,abandonado,1.67
222,114,4,3,2026-08-22,en_curso,27.5
223,115,6,1,2026-06-26,en_curso,0
224,115,5,3,2026-08-30,en_curso,2.5
225,116,4,1,2026-06-02,abandonado,18.75
226,117,11,1,2026-04-30,en_curso,16.67
227,118,7,3,2026-08-25,en_curso,2.5
228,119,5,1,2026-05-10,en_curso,7.26
229,119,2,1,2026-07-17,en_curso,5.72
230,120,6,1,2026-06-16,en_curso,6.65
231,120,11,1,2026-05-19,en_curso,33.33
232,121,7,1,2026-07-05,en_curso,2.5
233,121,11,3,2026-08-29,en_curso,4.01
234,121,9,2,2026-07-24,en_curso,4.09
235,122,1,3,2026-09-01,en_curso,11.76
236,122,2,1,2026-06-17,en_curso,7.26
237,123,3,3,2026-08-30,en_curso,25
238,123,10,1,2026-05-10,en_curso,7.42
239,124,1,3,2026-08-20,en_curso,27.5
240,124,2,1,2026-06-14,en_curso,2.5
241,125,7,1,2026-06-28,en_curso,50
242,125,6,2,2026-08-15,abandonado,1.43
243,125,11,1,2026-05-30,en_curso,18.33
244,126,10,1,2026-05-30,en_curso,18.33
245,126,9,1,2026-05-13,en_curso,1.67
246,127,7,2,2026-07-19,en_curso,10.97
247,128,4,1,2026-05-17,en_curso,23.75
248,128,5,1,2026-07-15,en_curso,12.38
249,128,1,3,2026-09-10,en_curso,25
250,129,7,2,2026-08-13,en_curso,2.5
251,129,1,1,2026-06-29,en_curso,58.49
252,129,9,1,2026-07-07,en_curso,0
253,130,11,3,2026-09-01,en_curso,15.38
254,130,12,2,2026-08-02,en_curso,12.98
255,130,4,2,2026-07-18,en_curso,27.5
256,131,7,3,2026-09-12,en_curso,27.5
257,131,2,2,2026-07-31,en_curso,25
258,132,6,3,2026-08-24,en_curso,1.43
259,132,10,1,2026-05-30,en_curso,18.33
260,132,12,3,2026-09-12,en_curso,5.06
261,133,2,1,2026-06-05,en_curso,6.5
262,133,5,3,2026-08-28,en_curso,27.5
263,133,9,3,2026-09-11,en_curso,0
264,134,11,2,2026-08-11,en_curso,11.38
265,134,7,1,2026-05-03,en_curso,7.18
266,135,7,2,2026-07-29,abandonado,18.19
267,135,5,1,2026-07-13,en_curso,2.5
268,136,3,2,2026-07-29,en_curso,55.54
269,136,4,3,2026-09-01,abandonado,2.5
270,136,7,1,2026-06-27,abandonado,2.5
271,137,7,1,2026-05-03,en_curso,2.5
272,137,11,2,2026-08-05,en_curso,18.33
273,137,3,1,2026-05-09,en_curso,50
274,138,10,1,2026-04-29,en_curso,18.33
275,138,5,2,2026-08-02,en_curso,27.5
276,138,7,2,2026-07-25,en_curso,8.61
277,139,1,1,2026-05-27,en_curso,50
278,139,5,2,2026-08-07,en_curso,27.5
279,139,11,2,2026-07-31,en_curso,8.11
280,140,7,1,2026-05-17,en_curso,10.6
281,141,10,1,2026-05-19,en_curso,18.33
282,141,11,1,2026-06-20,en_curso,5.53
283,141,6,2,2026-07-28,en_curso,1.43
284,142,8,1,2026-07-12,en_curso,26.46
285,142,12,1,2026-05-10,abandonado,10.04
286,143,4,3,2026-08-28,en_curso,9.39
287,143,9,1,2026-05-27,en_curso,55.9
288,143,8,3,2026-09-04,en_curso,16.67
289,144,3,2,2026-08-09,en_curso,7.24
290,144,11,2,2026-07-21,en_curso,21.78
291,144,2,1,2026-05-05,en_curso,25
292,145,9,2,2026-07-26,en_curso,4.26
293,145,11,1,2026-07-13,en_curso,3.95
294,146,10,1,2026-04-28,en_curso,13.31
295,146,6,1,2026-07-15,en_curso,15.71
296,146,2,1,2026-05-13,en_curso,2.5
297,147,11,2,2026-07-26,en_curso,4.26
298,148,4,1,2026-07-07,en_curso,2.5
299,148,12,1,2026-07-15,en_curso,9.62
300,149,1,2,2026-08-05,en_curso,31.25
301,150,4,1,2026-04-29,en_curso,10.23
302,151,10,2,2026-08-04,en_curso,18.33
303,151,2,1,2026-07-16,abandonado,2.5
304,152,7,3,2026-08-26,en_curso,6.91
305,152,11,1,2026-06-16,en_curso,18.33
306,153,4,3,2026-09-05,abandonado,6.62
307,153,7,1,2026-04-22,en_curso,30.6
308,153,8,1,2026-07-03,en_curso,15.83
309,154,4,1,2026-06-06,en_curso,2.5
310,154,3,1,2026-04-18,en_curso,25
311,155,12,3,2026-09-09,en_curso,4.06
312,155,1,1,2026-05-30,en_curso,14.18
313,155,2,2,2026-08-08,en_curso,12.6
314,156,4,1,2026-05-02,abandonado,10.73
315,156,3,1,2026-04-26,en_curso,25
316,157,9,1,2026-07-09,en_curso,16.67
317,157,8,1,2026-06-23,en_curso,1.67
318,157,1,3,2026-09-01,en_curso,0
319,158,4,1,2026-04-30,en_curso,13.31
320,158,2,2,2026-08-01,abandonado,2.5
321,158,8,1,2026-04-29,en_curso,33.33
322,159,8,1,2026-05-01,en_curso,5.05
323,160,9,2,2026-07-18,en_curso,16.67
324,160,12,1,2026-04-24,en_curso,2
325,160,10,1,2026-06-12,en_curso,22.12
326,161,8,1,2026-07-06,en_curso,18.33
327,161,10,1,2026-05-22,en_curso,1.67
328,162,9,1,2026-05-14,en_curso,1.67
329,162,7,3,2026-09-13,en_curso,32.42
330,162,12,3,2026-08-20,en_curso,40
331,163,3,3,2026-09-06,en_curso,8.69
332,163,8,3,2026-08-21,en_curso,33.33
333,164,5,1,2026-07-08,en_curso,11.63
334,164,4,1,2026-06-29,en_curso,15.4
335,165,5,1,2026-07-01,en_curso,10.85
336,165,9,1,2026-07-14,en_curso,1.67
337,165,8,1,2026-06-30,en_curso,1.67
338,166,4,1,2026-06-29,en_curso,55.83
339,166,5,1,2026-05-03,abandonado,2.5
340,166,8,3,2026-08-28,en_curso,33.33
341,167,12,3,2026-08-24,en_curso,24.05
342,168,4,2,2026-07-31,en_curso,33.69
343,168,5,1,2026-05-13,en_curso,7.9
344,169,6,3,2026-08-22,en_curso,6.67
345,169,9,1,2026-06-24,en_curso,18.33
346,170,3,1,2026-05-11,en_curso,2.5
347,171,4,1,2026-05-22,en_curso,50
348,172,12,2,2026-07-31,en_curso,24.64
349,172,3,1,2026-07-03,en_curso,2.5
350,173,4,2,2026-07-29,en_curso,7.17
351,173,2,1,2026-05-12,en_curso,50
352,173,7,3,2026-09-06,en_curso,7.57
353,174,6,1,2026-05-31,en_curso,28.57
354,174,9,1,2026-04-18,en_curso,1.67
355,175,7,3,2026-09-11,en_curso,25
356,175,1,1,2026-04-22,en_curso,25
357,176,7,1,2026-06-14,en_curso,2.5
358,177,10,1,2026-07-16,en_curso,3.93
359,177,1,3,2026-08-26,en_curso,6.06
360,178,7,3,2026-09-04,en_curso,27.5
361,178,8,2,2026-08-01,en_curso,11.35
362,178,1,1,2026-07-09,en_curso,33.72
363,179,5,2,2026-07-30,en_curso,27.5
364,179,7,1,2026-06-30,en_curso,27.5
365,180,9,1,2026-06-01,en_curso,16.67
366,180,12,1,2026-06-05,en_curso,22
367,181,4,1,2026-07-16,abandonado,2.5
368,181,8,1,2026-06-24,en_curso,16.67
369,181,12,1,2026-05-18,en_curso,2
370,182,7,1,2026-06-10,en_curso,2.5
371,182,8,1,2026-05-24,en_curso,18.33
372,183,7,3,2026-09-05,en_curso,2.5
373,184,11,3,2026-09-13,abandonado,8.08
374,184,12,1,2026-05-09,en_curso,22
375,185,12,1,2026-04-24,en_curso,22
376,185,3,3,2026-08-24,en_curso,14.97
377,186,3,1,2026-07-08,en_curso,27.5
378,186,10,2,2026-08-15,en_curso,21.81
379,187,1,3,2026-09-13,en_curso,6.72
380,187,7,1,2026-04-21,en_curso,50
381,187,10,1,2026-06-03,en_curso,7.34
382,188,11,1,2026-05-28,en_curso,16.67
383,188,1,1,2026-05-01,abandonado,2.5
384,188,2,1,2026-05-07,abandonado,16.32
385,189,7,2,2026-08-11,en_curso,15.12
386,189,3,1,2026-04-24,en_curso,8.71
387,189,8,1,2026-07-13,en_curso,23.54
388,190,1,2,2026-08-12,en_curso,16.89
389,191,7,3,2026-08-26,en_curso,5.93
390,191,6,3,2026-09-01,en_curso,6.15
391,192,8,1,2026-04-27,en_curso,11.54
392,193,6,1,2026-06-04,en_curso,1.43
393,193,7,3,2026-09-08,en_curso,17.41
394,194,7,1,2026-04-26,en_curso,27.5
395,194,5,1,2026-07-05,abandonado,2.5
396,195,8,1,2026-07-12,en_curso,50
397,196,12,1,2026-06-02,abandonado,2
398,197,1,2,2026-07-31,en_curso,9.58
399,197,6,1,2026-05-30,abandonado,4.7
400,197,4,3,2026-09-11,en_curso,31.21
401,198,2,1,2026-04-28,en_curso,33.45
402,198,11,1,2026-05-15,en_curso,1.67
403,198,1,2,2026-07-24,en_curso,5.06
404,199,4,1,2026-06-13,en_curso,11.27
405,200,1,1,2026-06-02,en_curso,0
406,201,3,3,2026-09-07,en_curso,50
407,201,4,2,2026-08-07,abandonado,2.5
408,201,12,1,2026-06-18,en_curso,0
409,202,11,2,2026-08-08,en_curso,21.71
410,202,2,2,2026-08-12,en_curso,13.61
411,203,4,3,2026-08-26,en_curso,17.36
412,203,8,1,2026-06-19,en_curso,4.75
413,203,5,1,2026-06-03,abandonado,2.5
414,204,3,1,2026-06-15,en_curso,11.07
415,204,10,1,2026-05-15,en_curso,25.77
416,205,12,3,2026-08-24,en_curso,26.25
417,205,2,2,2026-07-28,en_curso,2.5
418,205,3,1,2026-05-30,abandonado,5.8
419,206,2,1,2026-07-07,en_curso,11.77
420,206,10,1,2026-06-15,en_curso,5.83
421,207,5,1,2026-06-10,en_curso,25
422,208,11,1,2026-04-29,en_curso,21.41
423,208,7,2,2026-08-04,en_curso,50
424,208,12,2,2026-08-10,abandonado,6.13
425,209,4,3,2026-09-07,abandonado,2.5
426,209,2,1,2026-05-22,en_curso,58.69
427,209,10,3,2026-08-17,en_curso,16.67
428,210,11,3,2026-08-27,en_curso,20.19
429,210,4,1,2026-07-09,abandonado,5.8
430,210,2,2,2026-08-03,en_curso,27.5
431,211,5,2,2026-07-23,en_curso,27.5
432,211,11,1,2026-04-27,abandonado,1.67
433,211,10,1,2026-06-23,en_curso,10.11
434,212,10,3,2026-08-20,en_curso,18.33
435,213,6,3,2026-08-26,en_curso,15.71
436,214,7,1,2026-07-01,en_curso,25
437,214,11,2,2026-07-28,en_curso,1.67
438,214,6,1,2026-06-18,en_curso,1.43
439,215,9,3,2026-08-31,en_curso,31.87
440,216,6,1,2026-07-07,en_curso,14.29
441,216,1,1,2026-07-06,en_curso,2.5
442,216,7,1,2026-05-16,en_curso,32.55
443,217,2,1,2026-06-15,en_curso,27.5
444,217,7,1,2026-06-30,en_curso,11.37
445,218,11,1,2026-05-23,en_curso,1.67
446,218,8,3,2026-09-11,en_curso,37.2
447,219,3,2,2026-07-31,en_curso,25
448,219,7,2,2026-07-18,en_curso,25
449,219,12,1,2026-06-03,abandonado,9.07
450,220,9,1,2026-05-31,en_curso,16.67
451,220,11,1,2026-06-15,abandonado,1.67
452,220,5,3,2026-09-02,en_curso,2.5
453,221,9,1,2026-05-16,en_curso,6.33
454,221,8,1,2026-07-16,en_curso,16.67
455,221,11,1,2026-04-29,en_curso,8.02
456,222,12,2,2026-08-05,en_curso,6.76
457,222,10,1,2026-07-07,en_curso,21.73
458,223,6,1,2026-07-07,en_curso,3.09
459,223,4,2,2026-08-04,en_curso,27.5
460,224,5,2,2026-07-29,en_curso,2.5
461,225,4,1,2026-05-14,en_curso,5.58
462,225,8,1,2026-07-02,en_curso,8.08
463,226,10,1,2026-06-04,en_curso,16.67
464,226,11,1,2026-06-06,en_curso,1.67
465,226,7,1,2026-05-27,en_curso,52.5
466,227,1,1,2026-06-21,en_curso,2.5
467,227,8,3,2026-08-21,en_curso,7.72
468,228,3,1,2026-05-03,en_curso,50
469,228,8,1,2026-07-14,en_curso,3.66
470,229,6,1,2026-06-29,en_curso,18.11
471,230,6,1,2026-05-05,en_curso,15.71
472,230,5,2,2026-07-31,en_curso,9.03
473,231,12,3,2026-09-05,en_curso,20
474,231,5,1,2026-05-24,en_curso,25
475,231,9,1,2026-04-28,en_curso,10.82
476,232,9,1,2026-06-09,en_curso,4.86
477,233,2,1,2026-06-30,en_curso,7.79
478,234,12,3,2026-08-26,en_curso,10.68
479,235,8,2,2026-08-13,en_curso,35
480,235,9,2,2026-08-13,en_curso,6.82
481,236,12,1,2026-04-25,en_curso,22
482,237,11,1,2026-05-02,en_curso,9.52
483,237,8,1,2026-05-24,en_curso,3.38
484,238,1,3,2026-09-12,en_curso,52.5
485,238,2,2,2026-08-10,en_curso,40.06
486,239,4,3,2026-09-05,en_curso,32.26
487,239,7,3,2026-08-26,en_curso,82.63
488,240,4,2,2026-08-04,en_curso,6.67
489,240,5,1,2026-05-30,en_curso,9.93
490,240,10,2,2026-07-20,en_curso,24.82
491,241,8,1,2026-05-28,en_curso,5.02
492,241,9,1,2026-06-21,en_curso,5.16
493,242,6,1,2026-06-15,en_curso,14.29
494,242,7,1,2026-04-20,en_curso,5.93
495,242,9,1,2026-05-29,en_curso,35
496,243,6,1,2026-05-24,en_curso,8.42
497,243,8,3,2026-09-08,en_curso,5.78
498,244,5,1,2026-05-10,en_curso,33.41
499,244,12,3,2026-09-10,en_curso,24.69
500,245,2,3,2026-09-11,en_curso,12.61
501,246,4,2,2026-07-19,abandonado,2.5
502,246,6,1,2026-06-04,en_curso,9.01
503,246,2,3,2026-08-31,en_curso,25
504,247,9,2,2026-08-13,en_curso,6.58
505,247,3,3,2026-09-01,en_curso,2.5
506,247,4,1,2026-05-27,en_curso,8.46
507,248,12,1,2026-07-04,en_curso,2
508,249,5,1,2026-06-03,en_curso,30.98
509,249,10,2,2026-08-03,en_curso,4.1
510,250,10,1,2026-06-19,en_curso,1.67
511,250,5,1,2026-06-11,abandonado,19.44
512,250,2,1,2026-06-30,en_curso,27.5
513,251,5,1,2026-07-17,en_curso,21.01
514,252,6,2,2026-07-30,abandonado,3.36
515,253,5,3,2026-08-21,en_curso,27.5
516,254,12,1,2026-06-26,en_curso,40
517,255,3,1,2026-06-16,en_curso,2.5
518,255,5,1,2026-06-07,en_curso,25
519,255,1,1,2026-06-26,en_curso,7.93
520,256,9,2,2026-07-26,en_curso,33.33
521,257,12,2,2026-07-23,en_curso,2
522,257,3,1,2026-07-17,en_curso,18.48
523,258,8,1,2026-05-07,en_curso,0
524,258,2,3,2026-09-05,en_curso,2.5
525,258,1,2,2026-07-18,en_curso,11.69
526,259,5,3,2026-09-12,en_curso,27.5
527,259,8,1,2026-06-19,en_curso,3.92
528,259,11,1,2026-05-27,en_curso,18.33
529,260,6,1,2026-06-28,en_curso,14.29
530,260,3,1,2026-06-17,en_curso,2.5
531,261,5,1,2026-07-07,en_curso,12.46
532,262,2,1,2026-04-26,en_curso,10.73
533,262,12,2,2026-08-05,en_curso,45.77
534,263,8,1,2026-05-30,en_curso,4.85
535,263,2,3,2026-09-08,abandonado,6.53
536,264,11,1,2026-05-16,en_curso,18.33
537,264,12,1,2026-04-21,en_curso,2
538,264,1,1,2026-06-07,en_curso,22.27
539,265,3,2,2026-08-03,en_curso,12.04
540,266,5,2,2026-08-09,en_curso,35.37
541,266,2,2,2026-08-08,abandonado,2.5
542,266,4,3,2026-09-04,en_curso,27.5
543,267,9,1,2026-07-08,en_curso,13.68
544,268,10,1,2026-06-14,en_curso,1.67
545,268,12,1,2026-05-17,en_curso,22
546,269,4,1,2026-05-26,en_curso,16.73
547,269,9,1,2026-06-21,en_curso,18.33
548,269,7,1,2026-06-01,en_curso,2.5
549,270,8,1,2026-06-30,en_curso,1.67
550,270,5,2,2026-08-06,en_curso,50
551,271,7,1,2026-06-04,en_curso,0
552,271,5,2,2026-07-23,abandonado,5.1
553,271,10,2,2026-08-02,abandonado,1.67
554,272,1,3,2026-08-23,en_curso,2.5
555,272,10,3,2026-08-28,en_curso,11.58
556,272,2,1,2026-06-22,en_curso,17.33
557,273,11,1,2026-06-06,en_curso,1.67
558,274,5,3,2026-09-13,en_curso,52.5
559,275,2,2,2026-07-21,en_curso,27.5
560,275,3,3,2026-09-05,en_curso,27.5
561,275,4,3,2026-08-20,en_curso,18.57
562,276,9,3,2026-09-08,en_curso,8.64
563,277,3,2,2026-07-22,en_curso,25
564,278,7,1,2026-07-16,en_curso,18.01
565,279,12,1,2026-05-20,en_curso,11.98
566,279,10,3,2026-09-07,en_curso,3.4
567,280,5,1,2026-06-25,en_curso,7.63
568,280,1,1,2026-05-20,en_curso,37.96
569,281,5,1,2026-05-15,en_curso,52.5
570,282,5,3,2026-09-04,en_curso,25
571,282,8,2,2026-08-02,en_curso,11.45
572,282,2,2,2026-07-21,en_curso,5.84
573,283,4,1,2026-05-23,en_curso,25
574,283,5,2,2026-08-01,en_curso,2.5
575,283,10,3,2026-08-20,abandonado,3.47
576,284,4,1,2026-04-29,en_curso,27.5
577,284,7,2,2026-07-28,en_curso,18.02
578,284,2,1,2026-04-24,en_curso,15.85
579,285,4,1,2026-05-02,en_curso,27.5
580,285,11,3,2026-08-25,en_curso,1.67
581,285,3,1,2026-04-27,en_curso,50
582,286,3,3,2026-09-13,en_curso,21.93
583,286,2,1,2026-04-19,en_curso,11.29
584,287,3,1,2026-07-07,en_curso,2.5
585,288,10,1,2026-05-14,en_curso,16.67
586,288,12,3,2026-08-18,abandonado,2
587,289,8,1,2026-06-01,en_curso,13.6
588,289,2,1,2026-05-01,en_curso,13.88
589,290,12,3,2026-09-02,en_curso,22
590,290,5,1,2026-05-17,en_curso,27.5
591,291,7,1,2026-04-19,en_curso,8.59
592,291,5,1,2026-05-30,abandonado,19.87
593,291,9,2,2026-07-25,en_curso,33.33
594,292,8,1,2026-07-15,en_curso,15.75
595,292,12,1,2026-06-29,en_curso,22
596,292,2,1,2026-04-29,en_curso,33.35
597,293,1,2,2026-08-15,en_curso,33.49
598,293,7,3,2026-08-19,en_curso,13.16
599,293,6,3,2026-08-25,en_curso,15.71
600,294,5,2,2026-08-15,en_curso,23.75
601,294,1,2,2026-07-20,en_curso,10.62
602,294,2,3,2026-08-24,en_curso,6.58
603,295,11,2,2026-07-21,en_curso,0
604,296,10,1,2026-04-21,en_curso,20.3
605,296,1,1,2026-04-19,en_curso,8.81
606,296,5,2,2026-07-30,en_curso,2.5
607,297,1,2,2026-08-03,en_curso,2.5
608,297,3,1,2026-07-06,en_curso,7.61
609,297,8,1,2026-04-20,en_curso,11.66
610,298,11,1,2026-04-21,en_curso,9.54
611,298,8,2,2026-07-29,en_curso,21.86
612,298,5,3,2026-09-05,en_curso,13.36
613,299,10,1,2026-06-10,en_curso,7.04
614,300,11,2,2026-07-31,en_curso,3.72
615,300,8,1,2026-06-12,en_curso,18.33
616,301,8,1,2026-04-21,en_curso,16.67
617,302,7,2,2026-07-24,en_curso,45.98
618,302,6,3,2026-08-31,en_curso,14.29
619,303,11,3,2026-08-26,en_curso,16.67
620,303,2,1,2026-07-10,en_curso,2.5
621,304,6,1,2026-05-22,en_curso,15.71
622,305,12,1,2026-05-08,en_curso,5.78
623,305,8,1,2026-05-06,en_curso,16.67
624,306,11,2,2026-07-28,en_curso,8.91
625,306,7,1,2026-05-16,abandonado,2.5
626,307,1,1,2026-06-03,en_curso,25
627,307,8,1,2026-05-25,en_curso,1.67
628,307,2,2,2026-08-16,en_curso,2.5
629,308,5,2,2026-07-29,en_curso,27.5
630,308,6,1,2026-06-06,en_curso,17.18
631,309,7,1,2026-06-25,en_curso,13.64
632,310,1,1,2026-06-08,en_curso,8.59
633,310,11,1,2026-07-04,en_curso,15.83
634,310,9,1,2026-05-03,en_curso,23.21
635,311,7,1,2026-06-29,en_curso,25
636,311,1,1,2026-07-05,en_curso,8.71
637,312,9,1,2026-07-16,abandonado,3.88
638,313,10,2,2026-08-05,en_curso,3.64
639,313,8,1,2026-06-04,en_curso,1.67
640,314,8,3,2026-08-31,en_curso,1.67
641,314,1,1,2026-05-31,en_curso,2.5
642,314,4,1,2026-06-15,en_curso,2.5
643,315,9,3,2026-08-28,en_curso,35
644,315,3,1,2026-05-03,abandonado,11.98
645,316,8,3,2026-08-22,en_curso,5.06
646,316,12,3,2026-08-22,en_curso,6.64
647,317,1,3,2026-09-12,en_curso,10.99
648,318,10,1,2026-04-24,en_curso,16.67
649,318,4,1,2026-05-06,en_curso,2.5
650,318,3,1,2026-07-05,en_curso,5.58
651,319,9,1,2026-06-30,abandonado,9.32
652,319,1,1,2026-06-30,en_curso,34.6
653,320,7,2,2026-08-03,en_curso,7.49
654,320,2,2,2026-07-19,en_curso,0
655,320,4,1,2026-04-28,en_curso,18.18
656,321,8,3,2026-08-19,en_curso,18.33
657,322,11,1,2026-04-19,en_curso,9.93
658,323,8,3,2026-09-01,en_curso,6.68
659,324,5,1,2026-05-21,en_curso,16.76
660,324,9,1,2026-05-04,en_curso,1.67
661,324,12,2,2026-07-24,en_curso,20
662,325,8,1,2026-07-11,en_curso,1.67
663,325,12,3,2026-08-21,en_curso,24.63
664,326,8,1,2026-06-21,en_curso,24.09
665,327,3,2,2026-08-05,abandonado,7.74
666,327,7,1,2026-05-06,en_curso,6.4
667,327,4,2,2026-07-29,en_curso,7.78
668,328,9,1,2026-04-26,en_curso,4.59
669,328,3,1,2026-06-01,en_curso,2.5
670,328,2,1,2026-05-29,abandonado,14.07
671,329,7,3,2026-08-30,abandonado,5.12
672,329,6,2,2026-08-06,en_curso,1.43
673,330,5,2,2026-07-19,en_curso,38.18
674,330,1,1,2026-06-09,en_curso,16.97
675,330,12,1,2026-04-27,abandonado,2
676,331,5,1,2026-05-02,en_curso,2.5
677,331,10,3,2026-08-28,en_curso,22.15
678,331,11,1,2026-06-11,en_curso,16.67
679,332,8,2,2026-08-01,en_curso,7.65
680,332,3,2,2026-08-05,en_curso,0
681,332,12,3,2026-08-23,en_curso,9.56
682,333,8,1,2026-04-24,en_curso,8.95
683,333,6,1,2026-05-22,en_curso,15.71
684,333,11,1,2026-06-18,en_curso,3.67
685,334,9,1,2026-04-21,en_curso,10.99
686,334,7,1,2026-05-28,en_curso,6.96
687,334,8,2,2026-08-09,en_curso,15.83
688,335,4,1,2026-05-15,en_curso,27.5
689,335,12,3,2026-09-11,en_curso,20
690,336,7,3,2026-09-03,en_curso,2.5
691,336,4,1,2026-07-04,en_curso,6.23
692,336,12,1,2026-05-02,en_curso,9.65
693,337,6,1,2026-06-15,en_curso,15.71
694,338,8,1,2026-05-19,en_curso,18.33
695,338,7,2,2026-08-05,en_curso,7.62
696,338,11,1,2026-06-03,en_curso,16.67
697,339,11,2,2026-08-06,en_curso,18.33
698,339,3,1,2026-07-02,en_curso,36.38
699,339,8,3,2026-08-27,en_curso,24.77
700,340,3,2,2026-07-31,en_curso,7.81
701,341,10,1,2026-06-21,abandonado,7.11
702,341,6,1,2026-07-01,en_curso,6.48
703,341,2,3,2026-09-11,en_curso,30.03
704,342,2,3,2026-09-08,en_curso,9.04
705,342,9,1,2026-05-15,en_curso,8.09
706,343,1,3,2026-08-29,en_curso,7.58
707,343,3,3,2026-09-05,en_curso,32.63
708,344,11,1,2026-05-03,en_curso,16.67
709,344,3,2,2026-07-24,en_curso,22.8
710,345,8,3,2026-09-09,abandonado,1.67
711,346,6,1,2026-06-24,en_curso,14.29
712,346,10,1,2026-04-28,en_curso,9.63
713,347,7,1,2026-05-06,en_curso,2.5
714,347,11,1,2026-07-11,en_curso,9.21
715,347,2,1,2026-06-02,en_curso,50
716,348,11,1,2026-05-02,en_curso,9.03
717,348,9,1,2026-06-23,en_curso,18.33
718,349,6,2,2026-08-13,en_curso,4.47
719,349,11,2,2026-08-15,en_curso,33.33
720,350,8,2,2026-08-11,en_curso,0
721,350,9,1,2026-07-04,en_curso,7.2
722,350,1,1,2026-06-20,en_curso,27.5
723,351,2,1,2026-04-23,en_curso,27.5
724,351,4,3,2026-08-19,en_curso,9.92
725,351,5,1,2026-06-10,en_curso,2.5
726,352,12,1,2026-07-14,en_curso,2
727,353,7,2,2026-07-22,en_curso,6.66
728,354,11,1,2026-06-01,en_curso,4.16
729,355,2,1,2026-06-26,abandonado,6.53
730,355,8,2,2026-08-03,en_curso,1.67
731,355,3,1,2026-06-29,en_curso,30.43
732,356,5,1,2026-07-10,en_curso,11.96
733,356,1,1,2026-05-24,en_curso,50
734,356,11,3,2026-08-27,en_curso,11.47
735,357,1,2,2026-08-09,en_curso,9.45
736,357,5,3,2026-08-24,en_curso,21.01
737,358,6,1,2026-06-30,en_curso,28.57
738,358,7,1,2026-05-04,en_curso,0
739,359,4,2,2026-08-16,en_curso,35.68
740,360,7,1,2026-06-14,abandonado,23.75
741,360,10,1,2026-06-04,en_curso,9.43
742,360,3,3,2026-09-03,en_curso,34.37
743,361,3,1,2026-05-02,en_curso,5.24
744,362,10,1,2026-05-03,en_curso,4.85
745,363,10,1,2026-06-09,en_curso,18.33
746,363,11,1,2026-05-17,en_curso,8.55
747,364,8,1,2026-06-30,en_curso,16.67
748,365,3,3,2026-09-03,en_curso,57.88
749,365,4,3,2026-08-19,en_curso,36.6
750,365,8,1,2026-05-17,en_curso,1.67
751,366,5,3,2026-09-08,en_curso,6.08
752,366,8,1,2026-07-02,en_curso,1.67
753,366,12,1,2026-06-18,en_curso,2
754,367,1,1,2026-06-27,en_curso,6.17
755,367,8,1,2026-05-08,en_curso,18.33
756,367,5,1,2026-05-05,en_curso,27.5
757,368,9,1,2026-04-19,en_curso,4.82
758,368,3,1,2026-06-16,en_curso,7.82
759,368,2,1,2026-07-13,en_curso,11.47
760,369,6,1,2026-06-26,en_curso,17.3
761,369,10,3,2026-09-12,en_curso,4.72
762,370,11,1,2026-06-09,en_curso,14.69
763,370,7,1,2026-05-07,en_curso,2.5
764,371,5,1,2026-05-13,en_curso,2.5
765,371,8,1,2026-05-04,en_curso,18.33
766,371,12,1,2026-05-24,en_curso,20
767,372,7,1,2026-07-10,en_curso,18.32
768,373,2,1,2026-07-14,en_curso,0
769,373,4,2,2026-08-04,en_curso,2.5
770,374,10,2,2026-08-03,en_curso,8.72
771,374,6,2,2026-07-26,en_curso,30
772,375,5,1,2026-07-06,abandonado,7.39
773,375,12,1,2026-05-08,en_curso,20
774,375,1,1,2026-04-23,en_curso,27.5
775,376,7,1,2026-05-05,en_curso,27.5
776,376,5,1,2026-06-25,en_curso,27.5
777,376,1,2,2026-08-03,en_curso,25
778,377,11,1,2026-05-06,en_curso,4.36
779,377,1,2,2026-08-11,en_curso,31.56
780,377,10,2,2026-08-12,en_curso,7.49
781,378,8,1,2026-06-19,en_curso,16.67
782,378,5,1,2026-07-01,en_curso,32.61
783,378,4,1,2026-04-20,abandonado,2.5
784,379,6,1,2026-06-13,abandonado,1.43
785,379,4,1,2026-07-07,en_curso,7.86
786,379,11,1,2026-07-02,en_curso,7.28
787,380,5,1,2026-05-04,en_curso,43.1
788,380,11,3,2026-09-05,en_curso,20.45
789,380,3,2,2026-08-04,en_curso,11.47
790,381,2,1,2026-06-04,en_curso,27.5
791,381,11,2,2026-08-07,en_curso,21.02
792,381,1,2,2026-07-28,en_curso,27.5
793,382,8,1,2026-05-20,en_curso,41.48
794,382,1,3,2026-08-29,en_curso,23.01
795,383,6,1,2026-06-30,en_curso,15.71
796,383,3,1,2026-05-20,en_curso,27.5
797,383,2,1,2026-05-14,abandonado,2.5
798,384,6,1,2026-06-09,en_curso,15.71
799,384,7,1,2026-06-15,abandonado,2.5
800,385,4,1,2026-06-09,en_curso,2.5
801,386,9,2,2026-07-22,en_curso,1.67
802,387,9,1,2026-05-16,en_curso,7.13
803,387,12,1,2026-04-30,en_curso,6.75
804,388,3,1,2026-05-20,en_curso,27.5
805,388,5,1,2026-07-11,en_curso,33.44
806,389,5,1,2026-06-10,en_curso,27.5
807,389,6,1,2026-07-08,en_curso,19.27
808,390,8,1,2026-06-15,en_curso,3.61
809,391,3,2,2026-07-21,en_curso,25
810,392,11,1,2026-05-02,en_curso,1.67
811,393,11,1,2026-06-27,en_curso,18.33
812,393,7,1,2026-06-05,en_curso,25
813,393,9,1,2026-06-04,en_curso,1.67
814,394,2,3,2026-09-04,en_curso,0
815,394,7,3,2026-08-17,en_curso,25
816,395,5,2,2026-07-23,en_curso,7.64
817,396,2,2,2026-08-11,completado,100
818,396,8,2,2026-08-15,en_curso,4.93
819,396,6,1,2026-05-25,en_curso,1.43
820,397,12,1,2026-07-15,en_curso,22
821,397,11,1,2026-05-08,en_curso,18.33
822,397,5,1,2026-05-14,en_curso,50
823,398,7,1,2026-06-16,en_curso,2.5
824,398,11,1,2026-04-19,en_curso,3.97
825,398,6,1,2026-07-03,en_curso,18.02
826,399,11,1,2026-06-21,en_curso,16.67
827,400,8,2,2026-08-16,en_curso,8.09
